Company,Event / Reason,Date,Theme,How,Who did the Action,# of People,Where,Source
Hewlett-Packard,"In September 2008, HP announced it was cutting 7.5% of its workforce. Thousands of these jobs were in Europe and number of demonstrations took place across the continent to protest the layoffs and working conditions.",2009-01-30,Labor / Wage,Protest,Workers,NaN,"Germany, France, Italy, Austrian, Belgium, UK",https://www.eurofound.europa.eu/publications/article/2009/europe-wide-protests-against-hewlett-packard-job-cuts
Facebook,A small group of people in Paris protest the redesign of Facebook's website.,2009-04-19,Consumer Outrage,Protest,Concerned Citizens,24,"Paris, France",https://techcrunch.com/2009/04/19/french-fury-parisians-hit-the-streets-in-protest-against-facebook-redesign/
Cisco,"As part of a protest across the US, hundreds of protestors marched against the firings of janitors at Cisco Systems.",2009-04-29,Labor / Wage,Protest,Workers,200+,San Jose,https://www.huffpost.com/entry/cisco-janitors-take-to-th_b_177212
Cisco,Approximately one hundred janitors and allies protested outside of the Cisco Systems Inc. headquarters following the loss of 75 janitors were fired.,2009-05-01,Labor / Wage,Protest,Workers,100,San Jose,https://www.bizjournals.com/sanjose/stories/2009/04/27/daily89.html
Cisco,Dozens of janitors stage 2 day hunger strike in response to 75 janitors being laid off.,2009-06-01,Labor / Wage,Protest (Hunger Strike),Workers,24+,San Francisco,https://www.ibtimes.com/cisco-live-2009-protest-disrupted-cisco-executive-keynotes-287948
Cisco,A group of laid-off janitors and allies protesting and disrupting the keynote speech of CEO John Chambers. The event took place following a wave of firings of the company's janitorial staff.,2009-06-30,Labor / Wage,Protest,Workers,NaN,San Francisco,https://www.ibtimes.com/cisco-live-2009-protest-disrupted-cisco-executive-keynotes-287948
Hewlett-Packard,"Roughly a dozen protestors climbed the roof of HP's Palo Alto headquarters and painted the words ""Hazardous Products"" on the roof of the building.",2009-07-28,Environmental Cause,Protest,Concerned Citizens,12,Palo Alto,https://www.mercurynews.com/2009/07/28/greenpeace-protests-hps-use-of-hazardous-chemicals-by-painting-on-companys-roof/
Intel,"Roughly 500 workers went on strike in Sichuan, China demanding equal pay for equal work.",2009-08-18,Labor / Wage,Walk-out,Workers,500,"Sichuan, China",https://clb.org.hk/content/intel-workers-sichuan-strike-over-unequal-pay-equal-work
Intel,Hundreds of ultra-Orthodox Jews protested an Intel electronic chip plant in Israel because work was taking place at the plant on the Jewish Sabbath.,2009-11-14,Ethics (Religion),Protest,Concerned Citizens,200+,Israel,https://www.reuters.com/article/israel-intel/ultra-orthodox-jews-protest-at-intel-israel-plant-idUSLE14196720091114
Apple (Wintek),Thousands of factory workers were involved in a violent protest after workers' end of the year bonuses were eliminated. Earlier in the year the factory was reported to have suffered 4 deaths after workers were exposed to hazardous chemicals. The factory manufactured parts for companies such as Apple and Nokia.,2010-01-15,Foreign Working Conditions,Protest,Factory Workers,2000,"Suzhou, China",https://www.pri.org/stories/2010-01-26/apple-news-workers-rights-focus-again
Apple,"In response to Apple deeming a ""gay cure"" app to have ""no objectionable content"" and allowing it to circulate on the App store, gay rights activists responded by creating a petition to have it removed and for the company to respond.",2011-03-21,Ethics (LGBTQ),Petition (Online),Concerned Citizens,80000,Internet,"https://www.business-humanrights.org/en/apple-criticised-by-gay-rights-activists-after-approving-""gay-cure""-application-for-iphone-ipad"
PayPal,The 'Anonymous' collective promotes legal boycott of PayPal.,2011-06-27,Ethics (General),Boycott,Concerned Citizens,NaN,Internet,"https://www.forbes.com/sites/parmyolson/2011/07/27/anonymous-calls-for-mass-boycott-of-paypal/, http://www.nbcnews.com/id/43913282/ns/technology_and_science-security/t/anonymous-lulzsec-hacking-groups-call-paypal-boycott/"
Apple (Foxconn),150 Chinese workers threaten to commit mass-suicide by jumping from factory roof if working conditions did not improve. Workers remained on roof for 2 days before leaving the roof. 45 of the employees later resigned.,2012-01-02,Foreign Working Conditions,Mass-suicide threat,Factory Workers,150,"Wuhan, China (Foxconn Plant)",https://www.telegraph.co.uk/news/worldnews/asia/china/9006988/Mass-suicide-protest-at-Apple-manufacturer-Foxconn-factory.html
Apple,"Apple customers respond to recent allegations against the company concerning dangerous working conditions of workers in its supply chain. In particular, it was influenced by revelations of poor working conditions and a string of suicides at Foxconn's manufacturing plants in China, a major producer of components for the iPhone.",2012-01-31,Foreign Working Conditions,Petition (Online),Concerned Citizens,40000,Internet,https://www.cnet.com/news/petition-tells-apple-we-want-an-ethical-iphone-5/
Apple,"Roughly 250,000 signatures collected through separate petitions on SumOfUs.org and Change.org were printed, stacked, and delivered to stores in Washington D. C., San Francisco, London, Sydney, Bangalore and New York City. The petitions were in response to reports of dangerous working conditions and suicides at Foxconn plants in China.",2012-02-09,Foreign Working Conditions,Petition (Online),Concerned Citizens,250000,"Internet + Washington D. C., San Francisco, London, Sydney, Bangalore and New York City",https://www.huffpost.com/entry/apple-store-protests_n_1265406
PayPal,"Protest after 'obscene' e-book policy, as those speaking out against it felt it was an act of censorship",2012-03-13,Ethics (General),Protest (Online),Concerned Citizens,NaN,Internet,https://www.reuters.com/article/us-paypal/exclusive-paypal-backtracks-on-obscene-e-book-policy-idUSBRE82C11C20120313
Adobe Systems,"Users of Adobe software demand the company not make its software only available via the ""Creative Cloud"" package",2013-05-06,Consumer Outrage,Petition (Online),Concerned Citizens,50131,Internet,"https://www.change.org/p/adobe-systems-incorporated-eliminate-the-mandatory-creative-cloud-subscription-model, https://sites.google.com/a/dcsdk12.org/msclaus/products-services/illustrator-project-1/adobe-cc-protest-research"
PayPal,"An online petition demanding citizens of Ghana have access to PayPal gains over 10,000 signatures.",2013-09-03,Ethics (General),Petition (Online),Concerned Citizens,13778,Ghana,https://www.change.org/p/rupert-keeley-enable-paypal-in-ghana
Google,"A proposal was submitted at Google's annual meeting with shareholders which articulates the importance of reformulating the companies approach to taxes. The proposal states that the company should ""adopt a set of principles to address the impact of Google's tax strategies on society"".",2014-05-14,Tax Evasion,Shareholder Proposal,Shareholders,NaN,,
Apple,50 protestors blocked main entrance of Apple's flagship store in San Francisco. The protest was spurred by service employees claiming they lack job security and are underpaid.,2014-08-28,Job Security,Street Protest (Picket line),Service employees (security guards) and concerned citizens,50,San Francisco,https://www.cultofmac.com/293228/apples-security-guards-stage-protest-outside-san-francisco-apple-store/
Facebook,"Following Facebook's new policy for users to operate their account under their real name, thousands of people sign a petition that demand facebook revert the rule due to the fact that it discriminates against drag-queens, drag-kings, LGBTQ, intersex and gender-fluid users. The campaign is know as ""#MyNameIs"" movement.",2014-09-13,Ethics (LGBTQ),Petition (Online),Concerned Citizens,46,Internet,https://www.change.org/p/facebook-allow-performers-to-use-their-stage-names-on-their-facebook-accounts
Spotify,"16 Musicians (later 23), led by Jay-Z, to denounce the low percentage artists were receiving for their work through the popular music streaming service Spotify. They create the music streaming service 'Tidal' in response to what they saw as the unfair reality behind being paid for your work.",2015-03-30,Ethics (General),Disrupting the Monopoly,Musicians and Artists,23,USA,https://www.billboard.com/articles/news/6509498/jay-z-tidal-launch-artist-stakeholders
Facebook,Thousands of people in India deactivated their Facebook account for one day in order to protest Mark Zuckerberg's stance on Net Neutrality,2015-04-24,Ethics (Net-Neutrality),Protest (Online),Concerned Citizens,29000,Internet (India),https://www.techinasia.com/net-neutrality-why-india-dislikes-zuckerberg-airtel
Facebook,"Approximately 60 people protested outside of Facebook's headquarters against the company's real-name policy, which demonstrators argue discriminates against LGBTQ, intersex people and gender-fluid people. The movement also highlights how using one's real name does not necessarily make the community safer, as victims of abuse are often hiding from their abusers.",2015-06-02,Ethics (LGBTQ),Protest,Concerned Citizens,60,"Menlo Park, California",https://www.bbc.com/news/blogs-trending-32961249
Facebook,"Roughly 70 people protested Facebook's real-name policy during the San Francisco Pride Parade. Demonstrators argue the policy discriminates against LGBTQ, intersex people and gender-fluid people. The movement also highlights how using one's real name does not necessarily make the community safer, as victims of abuse are often hiding from their abusers.",2015-06-28,Ethics (LGBTQ),Protest,Concerned Citizens,70,San Francisco,http://www.siliconbeat.com/2015/06/29/drag-queens-and-lgbt-community-protest-facebooks-real-name-policy-at-sf-pride-parade/
Uber,"Hundreds of Uber drivers protest outside the company's office in Bengaluru after reports that when drivers made a complaint, they would shut off from the app.",2015-09-23,Labor / Wage,Protest,Drivers,600,"Bengaluru, India",https://timesofindia.indiatimes.com/city/bengaluru/600-odd-Uber-drivers-protest-in-Bengaluru/articleshow/49087925.cms
Intel,An online petition demands that Intel must pull financial support of the boy scouts until they reverse their anti-gay policy,2016-04-06,Ethics (LGBTQ),Petition (Online),Concerned Citizens,31362,Internet,https://www.change.org/p/intel-corporation-pull-your-financial-support-until-the-boy-scouts-pull-their-anti-gay-policy
Netflix,"After Netflix decided to block certain VPN services so that users of these services could not access the US catalogue of its services, a petition was circulated which drew attention the negative precedent this policy sets towards a users right to data privacy.",2016-05-11,Ethics (Data Privacy),Protest (Online),Concerned Citizens,50000,Internet,https://act.openmedia.org/netflix
PayPal,"An online petition demanding citizens of Gaza have access to PayPal gains nearly 200,000 signatures. The petition alleges that company does not acknowledge Palestine's sovereignty.",2016-09-13,Ethics (Palestine),Petition (Online),Concerned Citizens,176422,Palestine,https://actions.sumofus.org/a/paypal-stop-discriminating-against-palestinians
PayPal,Boycott after CEO donates million to Trump campaign,2016-10-17,Ethics (General),Boycott,Concerned Citizens,NaN,Internet,https://www.telegraph.co.uk/technology/2016/10/17/paypal-founder-peter-thiels-1m-trump-donation-leads-to-boycott-c/
Hewlett-Packard,"An online petition calling for Hewlett Packard to stop supporting the Israeli military and apartheid by providing necessary technology gathers over 10,000 signatures.",2016-11-25,Ethics (Palestine),Petition (Online),Concerned Citizens,10097,Internet,https://org.salsalabs.com/o/641/p/dia/action3/common/public/?action_KEY=20604
Hewlett-Packard,"""Boycott HP International Week of Action"" - For one week demonstrations took place across 6 continents in over a 100 countries, demanding HP discontinue its support of the Israeli apartheid.",2016-11-25,Ethics (Palestine),Petition (Online),Concerned Citizens,900+,Worldwide,https://www.facebook.com/events/112884545846474/
Hewlett-Packard,"Between November 25 - December 3, more than 150 demonstrations took place in 30 different countries. This mass mobilization was in support of Palestine, protesting the use of HP technology by the Israeli Army.",2016-11-25,Ethics (Palestine),Protests (Multiple),Concerned Citizens,NaN,,https://www.workers.org/2016/12/17/largest-bds-mobilization-ever-boycott-hewlett-packard/
Oracle,"George A Bolisner, posted a public resignation letter to LinkedIn because he did not agree with Company's choice to aid President Trump.",2016-12-19,Public Resignation (not mass coordinated),Resignation,Tech Employees,1,"Redwood City, California",https://www.linkedin.com/pulse/resigning-from-oracle-george-a-polisner/
Apple,"Following a number of protests intended to stop private buses operating in Silicon Valley, five buses used by Apple to shuttle their employees have their windows shattered by pellet guns.",2017-01-17,Tech Presence,Protest,Concerned Citizens,NaN,San Francisco,https://www.cnet.com/news/apple-employee-commuter-buses-attacked-san-francisco-silicon-valley/
Uber,"#DeleteUber protest leads to over 200,000 accounts being deleted over the course of 6 days.",2017-02-03,,Protest,Concerned Citizens,"200,000+",Worldwide,https://www.theverge.com/2017/2/2/14493760/delete-uber-protest-donald-trump-accounts-deleted
IBM,"An open letter written by IBM employees and addressed to CEO Ginni Rometty, demanded the company reaffirm its values and acknowledge the right of employees refuse participation in US government contracts which violate civil liberties.",2017-02-12,,Petition (Online),Tech Employees,2736,Internet,https://www.coworker.org/petitions/ibmers-to-ceo-ginni-rometty-affirm-ibm-values
Oracle,"Petition demanding that Oracle sign the 'Immigrant Amiscus Brief', opposing President Trump's executive order on immigration.",2017-02-12,,Petition (Online),Tech Employees,930,Internet,
Uber,"Following Uber's choice to cut prices by 15% - 20% for passengers, hundreds of drivers found themselves making significantly lower returns and chose to organize and strike.",2017-02-13,Labor / Wage,Protest,Drivers,200+,Qatar,https://www.reuters.com/article/us-uber-qatar-strike/hundreds-of-uber-drivers-in-qatar-go-on-strike-after-price-cuts-idUSKBN15S196
Hewlett-Packard,Activists protest HP's involvement in the Israeli apartheid and the companies profit from US policies regarding immigration and incarceration. The demonstration took place outside the RSA cyber-security conference in San Francisco.,2017-02-19,"Ethics (Palestine, Immigration, Incarceration)",Protest,Concerned Citizens,NaN,San Francisco,https://www.indybay.org/newsitems/2017/02/19/18796636.php
Adobe Systems,"In light of Adobe Systems's decision to discontinue Flash Player, consumers and developers who work with the software created a petition to demand the program be released as open-source software.",2017-07-28,Consumer Outrage,Petition (Online),Concerned Citizens,21855,Internet,https://www.change.org/p/adobe-systems-make-flash-player-open-sourced
Apple,Roughly 100 protestors from AT&T protested an Apple product launch event at Apple's campus. The protest was in response to a lack of job security following mass outsourcing my AT&T,2017-09-12,Job Security,Street Protest,AT&T Workers,100,Cupertino,http://www.siliconbeat.com/2017/09/11/att-workers-plans-protest-apples-iphone-launch-event/
Hewlett-Packard,Protestors demonstrated against Hewlett Packards support of the Israeli Military and the Israeli Apartheid in Berlin,2017-11-29,Ethics (Palestine),Protest,Concerned Citizens,57*,"Berlin, Germany",https://samidoun.net/2017/11/29-november-berlin-protest-against-hewlett-packards-dealings-with-apartheid/
Netflix,"Following the release of comedian Tom Segura's Netflix special ""Disgraceful"", an online petition was started to demanded the comedy special be taken down due to its anti-down syndrome rhetoric.",2018-01-22,Ethics (General),Petition (Online),Concerned Citizens,97071,Internet,https://www.change.org/p/netflix-take-it-down-netflix
Facebook & Google,"Former employees of Facebook and Google launch campaign ""Truth About Tech"" to fight against what they built.",2018-02-04,Ethics (General),Campaign Launch,Tech Employees,NaN,USA,https://www.business-humanrights.org/en/usa-former-facebook-google-employees-form-coalition-to-fight-dangerous-effects-of-technology
Hewlett-Packard,Protestors demonstrated against Hewlett Packards support of the Israeli Military and the Israeli Apartheid in Berlin,2018-03-03,Ethics (Palestine),Protest,Concerned Citizens,20*,"Berlin, Germany",https://samidoun.net/2018/03/3-march-berlin-protest-against-hewlett-packard/
Google,"Thousands of Google employees sign a petition demanding the company take a clear stance that it would never build warfare technology. Petition was in response to the project Maven, a collaborative effort with the Pentagon to use artificial intelligence to enhance drone strikes.",2018-05-14,Ethics (Maven),Letter (Petition),Tech Employees,"4,000+",Internet,https://gizmodo.com/google-employees-resign-in-protest-against-pentagon-con-1825729300
Google,A dozen employees resign from Google in response to project Maven.,2018-05-14,Ethics (Maven),Protest (Multiple Resignations),Tech Employees,12,,https://gizmodo.com/google-employees-resign-in-protest-against-pentagon-con-1825729300
Amazon,"Amazon workers from Spain, Poland and Germany, protested outside of the Axel Springer headquarters while Amazon CEO Jeff Bezos received and award inside. Protestors demanded wage regulations within Amazon's German logistic centers.",2018-05-22,Labor / Wage,Protest,Workers,450,"Berlin, Germany",https://www.dw.com/en/jeff-bezos-at-berlin-prize-ceremony-greeted-by-protests-against-amazon/a-43517761
Facebook,"Facebook shareholders protest against the company's operation, with 1/4 of stakeholders voting against the reappointment of Mark Zuckerberg and Sheryl Sandberg, and 60% of Class A stakeholders (or, ""ordinary stakeholder"") voting for a ""one vote per share"" system - a jab at the current existing power structure where Mark Zuckerberg controls 51% of the votes while owning 14% of the company.",2018-06-05,Company Management,Shareholder Proposal,Shareholders,NaN,"Menlo Park, California",https://www.irishtimes.com/business/technology/facebook-investors-lodge-protest-vote-against-board-1.3521069
Microsoft,Microsoft employees wrote an open letter expressing their anger over the company's choice to work with Immigration and Customs Enforcement (ICE).,2018-06-21,Ethics (ICE),Petition,Tech Employees,300+,Internet,https://www.theverge.com/2018/6/21/17488328/microsoft-ice-employees-signatures-protest
Salesforce,Over 650 Salesforce employees have signed a petition asking the company to terminate its contract with US Customs and Border Protection (CBP).,2018-06-25,Ethics (CBP),Petition,Tech Employees,650+,Internet,https://techcrunch.com/2018/09/25/protestors-call-on-salesforce-to-end-contract-with-border-patrol-agency/
Apple,"Dozens of activists staged an elaborate protest by transforming an Apple store into an emergency ward (equipped with x-rays, waiting room, surgeons and bloodied patients). The protest was in response to tax evasion by US tech companies operating in the EU.",2018-06-30,Tax Evasion,Street Protest,Concerned Citizens,24,"Paris, France",https://www.rt.com/news/431395-france-protest-apple-store/
Facebook,"Belgian art officials drafted and signed an open letter to Mark Zuckerberg, demanding that artistic representations of nudity be allowed to be displayed on their platform.",2018-07-30,Ethics,Petition,Concerned Citizens,12+,Belgium,https://mashable.com/2018/07/30/belgian-museums-facebook-artisitic-nudity/?europe=true
Google,"Following leaked documents from the secret ""Dragonfly"" project, a censored search engine for the Chinese government, Google employees circulated an open letter demanding greater transparency. The letter contained a list of demands which included: 1) introduction of ethics review structure, 2) appointment of ombudspeople, 3) clear plan for transparency, and 4) ethical assessment of Dragonfly, Maven & Air Gap GCP.",2018-08-16,"Ethics (Dragonfly, Maven, Air Gap GCP)",Letter (Petition),Tech Employees,1400+,Worldwide,https://www.buzzfeednews.com/article/carolineodonovan/google-dragonfly-maven-employee-protest-demands
Salesforce,Roughly a dozen protestors gathered to protest the company's contract with US Customs and Border Patrol (CBP).,2018-09-25,Ethics (CBP),Protest,Concerned Citizens,12,San Francisco,https://techcrunch.com/2018/09/25/protestors-call-on-salesforce-to-end-contract-with-border-patrol-agency/
Microsoft,"A group of Microsoft employees (who chose to remain anonymous), demanded the company not to bid on the $10 billion USD project with the Defense Department known as ""Joint Enterprise Defense Infrastructure"" (JEDI).",2018-10-13,Ethics (JEDI),Letter (Anonymous),Tech Employees,NaN,Internet,https://thehill.com/policy/technology/411503-microsoft-employees-pressure-company-to-not-pursue-multi-billion-pentagon
Amazon,An anonymous group of Amazon employees urged Jeff Bezos and ranking executives not sell facial recognition software (part of the program 'Recognition') to police. The letter also demanded Amazon remove Palantir from Amazon Web Services because of their involvement with ICE's deportation and tracking program.,2018-10-16,Ethics (ICE),Letter (Anonymous),Tech Employees,450+,Internet,https://medium.com/@amazon_employee/im-an-amazon-employee-my-company-shouldn-t-sell-facial-recognition-tech-to-police-36b5fde934ac
Google,"Estimated 20,000 Google employees walked out in protest of two senior executives at the company having been paid tens of millions of dollars despite being accused of sexual misconduct.",2018-11-01,Sexual Harassment,Walk-out,Tech Employees,20000,"Worldwide (San Francisco, New York, Singapore, Tokyo, London, Dublin, etc.)",https://www.nbcnews.com/tech/tech-news/google-employees-begin-walkout-over-handling-sexual-misconduct-executives-n929696?cid=ed_npd_bn_tw_bn
Amazon,Around 450 antique book dealers spread across 26 countries pulled their books off the site of an Amazon subsidiary in order to protest the company's choice to drop book dealers from a select group of nations. The action was responsible for removing 4-million books from the AbeBooks service.,2018-11-04,Company Policy,Protest (Online),Vendors,450+,Worldwide,https://www.seattletimes.com/business/booksellers-hit-amazon-with-strike/
Facebook,Brooklyn high school students protest their school's adoption of program designed by facebook engineers and paid for by CEO Mark Zuckerberg.,2018-11-05,Ethics,Protest,Students,100+,"Brooklyn, New York",https://nypost.com/2018/11/10/brooklyn-students-hold-walkout-in-protest-of-facebook-designed-online-program/amp/
Amazon,"Shareholders brought 9 proposals to the proxy ballot at Amazon's annual shareholder meeting. Some of the concerns outlined include: the sale of Amazon's 'Rekognition' technology to governments and law enforcement and the companies failure to remove racist and offensive products from its marketplace. The statement was ultimately endorsed by 114 investors who together represent more that $ 2.6 trillion USD in assets. The statement concludes, that Amazon does not presently have adequate risk mitigation structures in place.",2018-11-05,Ethics (Rekognition),Shareholder Proposal,Shareholders,114,N/A,"https://www.iccr.org/shareholders-present-slate-proposals-amazon-annual-meeting, https://www.iccr.org/sites/default/files/page_attachments/amzn_investor_letter_draft_final_no_signatures-_nov_5_2018.pdf"
Amazon,"Across 5 locations in the UK, Amazon warehouse workers walked out in protest of ""inhumane"" working conditions. The protest took place on Black Friday, one of the busiest days of the year.",2018-11-23,Labor / Wage,Protest,Workers,300,"Rugeley, Swansea, Peterborough, Milton Keyes, Warrington (UK)",https://www.telegraph.co.uk/technology/2018/11/24/union-stages-protest-against-amazon-robot-working-conditions/
Amazon,"In response to Amazon's announcement that they wished to located on of their 2 new headquarters in New York, Protestors gathered in Court House Square, (Queens, New York).",2018-11-26,Ethics,Protest,Concerned Citizens,24+,"Queens, New York",https://www.vox.com/2019/1/30/18202825/amazon-hq2-new-york-city-political-battle-de-blasio-queens
Google,"Amnesty International protests outside of Google offices worldwide in response to Chinese censorship program ""Dragonfly""",2018-11-27,Ethics (Dragonfly),Protests (Multiple),Concerned Citizens,NaN,"San Francisco, Berlin, Toronto, London, Worldwide",https://www.theglobeandmail.com/business/article-canadian-google-offices-set-to-face-protests-from-activists-over/
Google,A second letter demanding Google drop project Dragonfly is signed by hundreds of Google employees.,2018-11-27,Ethics (Dragonfly),Letter (Petition),Tech Employees,740,Worldwide,https://medium.com/@googlersagainstdragonfly/we-are-google-employees-google-must-drop-dragonfly-4c8a30c5e5eb
Google,"Organizers of the November 2018 Google walk-out demand an end to forced arbitration. Following the walk-out, Google only allowed arbitration for sexual harassment and assault cases for full-time employees and not contract workers. Feeling the response to be insufficient, organizers of the previous walk-out drafted letter demanding an end to arbitration for all employees and all forms of labor disputes. The letter also called for the support of other employees working in the tech industry.",2018-12-10,Forced Arbitration,Letter,Tech Employees,20,Worldwide,https://www.businessinsider.com/google-walkout-forced-arbitration-2018-12?r=UK&IR=T
Amazon,"In response to Amazon's announcement that they wished to located on of their 2 new headquarters in New York, Protestors gathered outside of a public hearings for the project at New York City Council",2018-12-28,Ethics,Protest,Concerned Citizens,50+,"Manhattan, New York",https://www.vox.com/2018/12/12/18137488/new-york-amazon-hq2-deal-hearing
Google,"Google employees launch a campaign called ""Googlers for Ending Forced Arbitration""",2019-01-19,Forced Arbitration,Campaign Launch,Tech Employees,"(for safety of those involved, number was not disclosed)",Worldwide,https://www.nbcnews.com/tech/tech-news/google-employees-launch-campaign-bring-discrimination-issues-out-shadows-n959016
Amazon,"Protestors interrupt a New York City Council Finance Committee hearing, demanding the HQ2 project not go forward.",2019-01-30,Ethics,Protest,Concerned Citizens,NaN,"Manhattan, New York",https://www.vox.com/the-goods/2019/2/14/18225003/amazon-hq2-new-york-pulling-out
Hewlett-Packard,"In September 2008, HP announced it was cutting 7.5% of its workforce. Thousands of these jobs were in Europe and number of demonstrations took place across the continent to protest the layoffs and working conditions.",2019-02-10,Labor / Wage,Protest,Workers,NaN,Germany (14 sites),https://www.eurofound.europa.eu/publications/article/2009/europe-wide-protests-against-hewlett-packard-job-cuts
PayPal,Boycott from conservative groups following news PayPal works with far-left 'Southern Poverty Law Centre' (SPLC) to identify and ban people from its platform.,2019-02-28,Ethics (Conservative),Boycott,Concerned Citizens,NaN,Internet,https://www.foxnews.com/tech/conservatives-call-for-paypal-boycott-after-ceo-admits-splc-helps-ban-users
Facebook,"Protestors stripped naked and gathered outside of Facebook's New York Headquarters as a result of Facebook's nudity policy. The protest was part of the ""Free the Nipple"" movement.",2019-03-06,Ethics,Protest,Concerned Citizens,24+,New York,https://www.businessinsider.de/people-strip-off-in-protest-against-facebook-ban-on-nudity-2019-6?r=US&IR=T
PayPal,"An online petition demanding citizens of Afghanistan have access to PayPal gains over 5,000 signatures.",2019-03-07,Ethics (General),Petition (Online),Concerned Citizens,5662,Afghanistan,https://www.change.org/p/paypal-bring-paypal-to-afghanistan
Google,"A letter demanding the removal of Kay Cole James from their Artificial Intelligence council is signed by thousands of Google employees. The letter accuses Kay Coles James as being ""vocally anti-trans, anti-LGBTQ, and anti-immigrant.""",2019-04-01,Discrimination against sexual orientation and gender identity,Letter (Petition),Tech Employees,2476,Internet,https://medium.com/@against.transphobia/googlers-against-transphobia-and-hate-b1b0a5dbf76
Google,"Over 900 Google employees sign a letter in which they object to the company's treatment of temporary contractors, also known as temps, vendors and contractors (TVCs). The letter was spurred by events on March 8th, when 80% of a team of temporary contractors were told their contracts would end early.",2019-04-19,Treatment of TVCs,Letter (Petition),Tech Employees,900+,Worldwide,https://www.theguardian.com/technology/2019/apr/02/google-workers-sign-letter-temp-contractors-protest
Google,"Organizers of November 2018 walk-out organize a sit-in, 6-months to the date of the original protest in response to the company's perceived retaliation against those who report sexual harassment in the workplace.",2019-05-01,Sexual Harassment,Sit-In,Tech Employees,NaN,Worldwide,https://www.vice.com/en_us/article/8xzgjg/google-workers-sit-in-to-protest-alleged-retaliation-against-women-who-report-sexual-harassment
Oracle,Oracle fires 900 of its staff from its China team. Protestors believe the firings to be politically motivated by the US-China trade war.,2019-05-07,Labor / Wage,Protest,Workers,24+ (unclear),"Beijing, China",https://www.ft.com/content/16ffdcec-749d-11e9-bbad-7c18c0ea0201
Uber & Lyft,Uber and Lyft drivers participated in a global strike in response to unfair wages and exploitative pay practices. Central to the protest is continued criticisms of the companies' classifications of drivers as contractors rather than full-time employees. The strike was characterized by drivers turning of their apps for varying periods of time ranging from 2-hours to a full day.,2019-05-08,Labor / Wage,Protest,Drivers,N/A,"United States (Boston, Chicago, Los Angeles, Minneapolis, Philadelphia, San Diego, San Francisco, Stamford, & Washington, D.C.), Melbourne, Sydney, Montreal, London.",https://www.curbed.com/2019/5/7/18535700/uber-lyft-driver-strike-protest-ipo
Palantir Technologies,Roughly 40 people flooded Palantir Technologies's Github page and 'flagged' issues - a function of the website which requires employees of Palantir Technologies to respond to each flagged problem. The demonstration was in response to the US Government's use of their technology to facilitate the detention and deportation of immigrants and unaccompanied children.,2019-05-14,"Ethics (CBP, ICE)",Protest (Online),Tech Employees,40,Internet,https://www.theguardian.com/us-news/2019/may/13/tech-workers-palantir-immigration-protest-github
Netflix,"After Netflix vowed to financially support the legal fight against a Georgia state law which would deem abortion unacceptable if the fetus had a heartbeat, protestors took to creating an online petition where users promised to cancel their subscription.",2019-05-30,Ethics (Abortion),Petition (Online),Concerned Citizens,9720,"Internet (Georgia, US)",https://www.citizengo.org/en-gb/lf/171041-stop-netflix-funding-pro-abortion-legal-protection-unborn-children-cancel-subscription
Facebook,Protest against social media censorship is organized by conservatives following the election of Donald Trump.,2019-05-30,Ethics (Conservative),Protest,Concerned Citizens,NaN,"Menlo Park, California",https://www.thegatewaypundit.com/2019/05/mass-protest-against-facebook-censorship-planned-at-annual-shareholder-meeting/
Amazon,"A petition organized by the American Civil Liberties Union's Washington branch, collected over 150,000 signatures from citizens concerned with the companies choice to provide facial surveillance technology to governments and law enforcement agencies through the 'Rekognition' program.",2019-06-11,Ethics (Rekognition),Petition,Concerned Citizens,"150,000+",Internet,https://www.cnet.com/news/aclu-wants-amazon-to-stop-offering-surveillance-technology-rekognition/
Palantir Technologies,"Hundreds of protesters rallied outside Palantir technologies' headquarters in Palo Alto, concerned with the company's production of software which facilitates ICE raids.",2019-06-12,Ethics (ICE),Protest,Concerned Citizens,200+,Palo Alto,https://www.liberationnews.org/hundreds-join-united-action-in-palo-alto-calif-to-shut-down-palantir-technologies-for-complicity-with-ice/
Facebook,"Following Facebook's announcement of a massive data breach which led 30 million users to be left vulnerable, a class action lawsuit has been allowed to move forward by a judge.",2019-06-24,Class Action Lawsuit,Class-Action Lawsuit,Concerned Citizens,NaN,Internet,https://www.cyberscoop.com/facebook-class-action-lawsuit-moves-forward/
Facebook & Twitter,"""Decentralize and Boycott Social Media"" campaign gets over 6,000 signatures while others participate in a 24 hour boycott of the social media service between July 4-5th.",2019-07-04,Ethics,Petition (Online),Concerned Citizens,"6,390+",Internet,https://www.change.org/p/social-media-executives-decentralize-social-media-a-declaration-of-digital-independence?recruiter=978620935&utm_source=share_petition&utm_medium=copylink
Twitter,"In response to Twitter blocking the accounts of Julian Assange and Chelsea Manning, credited whistle-blowers, a small group of protestors organized outside of Twitter's headquarters in San Francisco",2019-07-08,Ethics,Protest,Concerned Citizens,24+,San Francisco,"https://twitter.com/fordfischer/status/1116497011208007680?lang=en, https://www.indybay.org/newsitems/2019/07/07/18824518.php"
Facebook,Several dozen workers and tech employees protested against unfair living wages at Facebook's headquarters.,2019-07-16,Labor / Wage,Protest,Workers,36+,"Menlo Park, California",https://www.sfchronicle.com/business/article/Facebook-cafeteria-workers-protest-pay-hours-in-14100891.php
Uber & Lyft,Protestors gathered outside of Uber's headquarters in San Francisco and demanded higher pay and the ability to unionize.,2019-07-19,Labor / Wage,Protest,Drivers,40,San Francisco,https://www.cnet.com/news/uber-lyft-drivers-stage-protest-for-better-working-conditions/
Google,"Google settles an age-discrimination class action lawsuit after paying out $11 million USD, without admitting liability. The case was brought by hundreds of people who believed to be discriminated against because of their age.",2019-07-29,Age Discrimination,Class-Action Lawsuit,Tech Employees,227,USA,https://www.business-humanrights.org/en/usa-google-settles-age-discrimination-class-action-lawsuit-for-11-million
Amazon,"Hundreds of demonstrators gathered in New York inside and outside an Amazon Books, protesting the company's involvement with ICE. 44 people were reported to have been arrested.",2019-08-11,Ethics (ICE),Protest,Concerned Citizens,200+,"Manhattan, New York",https://www.cbsnews.com/news/protesters-gather-at-amazon-in-manhattan-to-protest-companys-ice-involvement/
Google,"A letter signed by over a thousand Google employees, demanded that the company ""publicly commit not to support CBP, ICE, or ORR with any infrastructure, funding, or engineering resources, directly or indirectly, until they stop engaging in human rights abuses.""",2019-08-14,"Ethics (CBP, ICE, ORR)",Letter,Tech Employees,1495,Internet,https://medium.com/@no.gcp.for.cbp/google-must-stand-against-human-rights-abuses-nogcpforcbp-88c60e1fc35e
Palantir Technologies,"Approximately 70 people protested near Palantir Technologies' cafeteria to garner the attention of Palantir employees, so they might also take a stand against the company's sale of software to ICE.",2019-08-17,Ethics (ICE),Protest,Concerned Citizens,70,Palo Alto,https://www.businessinsider.de/palantir-protest-palo-alto-activists-ice-contracts-2019-8?r=US&IR=T
Uber & Lyft,"A caravan of dozens of drivers drove a 500-mile route from Los Angeles to Sacramento, stopping in San Francisco to protest at Uber's HQ. Like other Uber and Lyft protests, this demonstration was centered around drivers' dissatisfaction with being considered independent contractors.",2019-08-28,Labor / Wage,Protest,Drivers,24+,"Los Angeles, San Francisco, Sacramento",https://www.cnet.com/news/uber-and-lyft-driver-caravan-lands-in-californias-capital-demanding-a-living-wage/
Google,"Azzad Asset Management, filed a shareholder petition against Alphabet Inc. in order to evaluate the risk and potential impact on investors carrying out project Dragonfly may have caused.",2019-12-17,Ethics (Dragonfly),Shareholder Petition,Shareholders,NaN,USA,https://www.politico.com/story/2018/12/19/google-shareholder-revolts-project-dragonfly-1037966
Hewlett-Packard,"Over 1.7 million people sign an online petition demanding HP, ABP, Veolia, Barclays, Caterpillar and G4S.",Ongoing,Ethics (Palestine),Petition (Online),Concerned Citizens,"1,725,922+",Internet,https://secure.avaaz.org/campaign/en/israel_palestine_this_is_how_it_ends_loc/
Uber & Lyft,"Coordinated efforts by Uber and Lyft drivers are made by switching off app to create an artificial surge in demand for drivers, and subsequently increase their fare. This tactic has been used into response to drivers struggling to make a living-wage due the companies inherently flawed business model.",Ongoing,Labor / Wage,Protest,Drivers,NaN,"Washington, D.C.",https://abcnews.go.com/Business/lyft-drivers-tampering-surge-pricing-booted/story?id=63101962
Google,"An online petition is currently circulating which is calling on Google to pay its fair share of taxes, following news that company has utilized foreign shell companies to shelter more than $33 Billion USD of revenue. Of which, $2 Billion USD worth of taxes is owed around the world.",Ongoing,Tax Evasion,Petition (Online),Concerned Citizens,136500,Internet,https://actions.sumofus.org/a/google-taxes
"Various Companies (Incl. Google, Facebook, Apple, Oracle, IBM, Hewlett Packard, Uber, Lyft, PayPal, etc.)",Petition signed by tech employees from various companies refusing to build a database of people based on their religious. This action was in response to Trump proposed Muslim registry.,,,Petition (Online),Tech Employees,2843,Internet,http://neveragain.tech/
Google,"After news Eric Schmidt, former CEO and chairman of Google, was due to give a talk at Stanford University, a petition addressing his poor ethics gathered 40 signatures and led to the cancellation of his talk. Half of the signatures were from Google employees",,,Petition,Tech Employees,40,"Stanford, California.",https://www.wired.com/story/planned-eric-schmidt-speech-ai-draws-protest/